a:,a:
abbreviation,اخْتِصَار
abort,تَخَلٍّ
abstract,مُلَخَّص
accelerated graphic port (AGP),بَوَّابَةٌ رُسُوميّة مُسَرِّعَة
accelerated graphics adapter,مُكَيِّف رُسُوميّ مُسَرَّع
acceptance,قَبُول
acceptance test,فَحْص ُ الْقَبُول
access,وُلُوج
access authorization,إذْن بالوُلُوج
access capability,قَابِلِيَّة الوُلُوج
access code authority,حَقّ في شَفَرَات الوُلُوج
access control,تحكم في الْوُلُوجِ
accession,اطِّلاع
access number,رَقْم الوُلُوج
accessories,تَوَابِع
access permissions,رُخَصُ الْوُلُوج
access privilege,امْتِيَاز الوُلُوج
access provider,مُزَوِّد الْوُلُوج
access rate,تَعْرفة الوُلُوج
access right,حَقّ الوُلُوج
access time,مُدَّةُ الْوُلُوج
account,حِسَاب
accounting,مُحَاسَبة
accounting document,وَثيقَة مُحَاسَبة
accounting package,بَرْمَجِيَّةُ مُحَاسَبَةٍ
acknowledgement,إِشْعَار بتسلُّم
acoustic,صَوْتِيّ
acoustic input,مَدْخَلٌ صَوْتيّ
acoustic output,مَخْرَجٌ صَوْتيّ
acronym,تَرْخِيمَة
activate,تَنْشِيط
active partition,تَجْزِئَةٌ نَشِيطَة
active window,نَافِذَة نَشِيطَة
activex,أكتيف إكس
actualize,تَحْيِين
actuate,إِطْلاق
actuation area,مِنْطَقَةُ إطلاق
ad.,إِعْلاَن
adaptation,تَكْيِيفٌ
adapter,مُكَيِّف
adapter segment,شُدْفَة المكَيِّف
add-on-kit,عُدَّة إضَافِيَّة
address,عُنْوَان
address book,دَفْتَرُ الْعَنَاوِين
address bus,مَسْلَكُ عَنَاوِين
address resolution protocol (ARP),بُرُوتُوكُول حَلّ الْعَنَاوِين
address space,حَيِّزُ الْعُنْوَان
address translation,تَحْوِيلُ العَنَاوِين
ad. Rotation,تَدْوِيرُ الإعْلانَات
advanced,مُتَطَوِّر
advance research project agency network (Arpanet),شَبَكَةُ وَكَالَة مشَارِيعِ الأَبْحَاثِ المُتَقَدِّمَة
affix,لاَصِقَة
aid,أَدَاةٌ
aided,مُسَاعَد
alarm,إِنْذَارَ
alert,تَحْذَِير
alert message,رَسِيلَة تَحْذَِير
algorithm,خَوَارِزْمِيَّة
alias,مُكَنّى
aline,صَفّ
allotment,إسْنَاد
alphabet,أَلِفْبَاء
alphabetic character,مِحْرَف أَلِفْبَائِيّ
alphabetic character set,مَجْمُوعَة مَحَارِف ألفبائية
alphagraphical,أَلِفْبَائِيٌّ رُسُومِِيٌّ
alphanumeric,أَلِفْبَائِيٌّ عَدَدِيٌّ
alphanumeric sorting,فَرْزٌ أَلِفْبَائِيٌّ عَدَدِيّ
alternate character set,مَجْمُوعَة مَحَارِف ثَانَوِيَّة
analog,تَمَاثُلِيّ
analog computer,حَاسُوبٌ تَنَاظُريّّ
analog input scanner,مِفْرَاسٌ بِدَخْل تَنَاظُريّ
analog-to-digital conversion,تَحْوِيلٌ تنَاظُرِيّ رَقْمِيّ
analyst,مُحَلِّل
analyzer,مُحَلِّل
ancillary,مُسَاعِد
and,عَطْف
anomaly,شُذُوذ
anonymous,غُفْل
answering time,مُدَّةُ الإجَابَة
antivirus,مُضَادٌّ لِلْفَيْرُوس
antivirus program,بَرْنَامَجٌ مُضَادٌّ لِلْفَيْرُوسَات
apostrophe,فَاصِلَةٌ عُلْيَا
application,تَطْبِيق
application action bar,شَرِيطُ قَائِمَةِ خِيَارَات
application developer,مُطَوِّر تَطْبِيقَات
application development tools,أَدَوَاتُ تَطْوِير التطبيقات
application package,بَرْمَجِيَّة تَطْبِيقَات جَاهِزَة
application program,بَرْنَامَجُ تَطْبِيق
application program interface (API),وَجِيهَةُ بَرْناَمَجٍ تَطْبِيقِيّ
apply,تَطْبِيق
archie,أَرْشِي
architecture,بِنْيَة
archival medium,وَسِيط أرْشَفَة
archive,أَرْشيف
archived file,مِلَفّ مُؤَرْشَف
archive library,مَكْتَبَةُ أرْشَفَة
archiving,أرْشَفَة
array,مَصْفُوفَةٌ
arrow diagram,مُخَطَط سَهْمِيّ
article,بنْد
artificial,اصْطِنَاعِيّ
artificial intelligence,ذَكَاء اصْطِنَاعِيّ
ascending order,تَرْتِيبٌ تَصَاعُدِيّ
ASCII (American Standard Code for Information Interchange,آسْكِي
assignment,إسْنَاد
asterisk,نَجْمَةٌ
asynchronous,لا مُتَزَامِن
asynchronous communications port,بَوَّابَة اتِّصَال لا مُتَزَامِن
asynchronous transfer mode (ATM),مِنْوَالُ نَقْل لا مُتَزَامِن
asynchronous transmission,إِرْسَالٌ لا مُتَزَامِن
attach,إلْحَاق
attached table,جَدْوَلٌ مُلْحَق
attachment,مُلْحَق
attachment protocol,بُرُوتُوكُول الإلْحَاق
attention message,رَسِيلَة انْتِبَاه
attribute,سِمَة
audio,سَمْعِيّ
audio card,بطَاقة صَوْتِيَّة
audio response,استجابة صوتية
audio signal,إشَارَة صَوْتِيَّة
audio support,سِنَاد صَوْتِيّ
audit,تَدْقِيق
authentication,تَتَبُّث
authoring,تَأْلِيف
author language,لُغَة تَأْلِيف
author system,نِظَام مُؤَلِّف
authorware,بَرْمَجِيَّة تَأْلِيف
auto-answering,جَوَاب آلِيّ
auto-indexing,مَثْبَتَة آلِيَّة
auto-log off,خُرُوج آلِيّ
automatic,آلِيّ
automatic abstract,مُلَخَّصٌ تِلْقَائِي
automatic check,تَدْقِيق آليّ
automatic configuration,تَشْكِيلَةٌ آلِيَّةٌ
automatic hyphenation,قَطْعٌ آلِيٌّ لِلْكَلِمَات
automatician,آليّ (ال...)
automatic send-receive,إِرْسَالٌ-اسْتِقْبَالٌ آلِيّ
automatic speech recognition,تَعَرُّفٌ آلِيٌّ عَلَى الكلام
automatism,آلِيَّة
automatization,أَتْمَتَة
automaton,أُتْمُوت
auto-negotiation,تَفَاوُضٌ تِلْقَائِيّ
autonomous,مُسْتَقِلّ
auto-start,انْطِلاق آلِيّ
auxiliary,ثَانَوِيّ
auxiliary storage,خَزَّان مُسَاعِد
b:,b:
back,إلَى الْخَلْف
backbone,عَمُودٌ فِقَرِيّ (لِلشَّبَكَة)
background,خَلْفِيَّة
background processing,معالجة في الخلفية
backslash,قَضِيبٌ مَائِلٌ مَعْكُوس
backup copy,نُسْخَةٌ احْتِيَاطيَّة
backup file,مِلَفّ احْتِيَاطِيّ
bad sector,قِطَاعٌ مَعِيب
bad track table (BTT),جَدْوَلُ المَسَالِكِ المَعِيبَة
band rate,سُرْعَةُ نِطَاق
bandwidth,عَرْضُ نِطَاق
banner,لافِتَة
bar,شَرِيط
barcode,شَفْرَةٌ قَضِيبِيَّة
batch processing,مُعَالَجَةٌ بِالدُّفْعَات
baud,بُود
because it's time to network (Bitnet),شَبَكَةُ بِيتْنِيت
beep,رَنَّة
bell,نِدَاء
benchmark test,فَحْص ُ الأدَاء
bibliographic data base,قاعِدَة مُعْطَيات
bidirectional,ثُنَائِيُّ الاتجَِّاه
bit,بِتّ
bitmap,مَصْفُوفَةُ بِتَّات
bit per inch,بِتٌّ فِي الْبُوصَة
bit per second,بِتٌّ فِي الثَّانِيَّة
bit rate,سُرْعَةُ بِتَّات
blank,مَحْو
blank character,مِحْرَفُ بَيَاض
blind carbon copy (BCC),نُسْخَةٌ كَرْبُونِيَّة خَفِيَّة
blind search,بَحْثٌ أَعْمَى
blink,وَمَضَان
blinking cursor,مُنْزَلِقَة وَامِضَة
block,كُتْلَة
blue book,كِتَابٌ أَزْرَق
board,لَوْحَةٌ
bold,دَاكِن
bold face,مِحْرَفٌ دَاكِن
bookmark,مُؤَشِّرَة
boolean,بُولِياني
boolean add,جَمْع بُولِياني
boolean algebra,جَبْرٌ بُولِياني ٌّ
boot,شُرُوع
boot diskette,قُرَيْصُ الشُّرُوع
boot sector,قِطَاعُ الشُّرُوع
bootstrap,شُرُوع
bootstrap loader,مُحَمِّل الشُّرُوع
boot virus,فَيْرُوسُ الشُّرُوع
boot virus,فَيْرُوسُ الإطْلاق
box,عُلْبَة
braces,لامَّتَان
break,إِشَارَةُ انْقِطَاع
breakdown,عَطَل
bridge,جِسْر
browse,تَصَفُّح
browser,مُتَصَفِّح
bug,عَيْب
bug shooting,بَحْث عَن الْعُيُوب
built-in,مُدْمَج
bulletin board system (BBS),لَوْحَةُ عَرْض المَعْلُومَات
bureautical computer,حَاسُوبُ مَكْتَب
business data processing,مَعْلُومِيَّاتُ إدَارَة الأعْمَال
business user,مُسْتَعْمِلٌ مِهْنِيّ
bus network,شَبَكَةٌ نَاقِلَة
busy,مَشْغُول
byte,بَايْت
c:,c:
cable,حَبْل
cablecos,مُقَاوَلةُ تَحْبِيل
cabling,تَحْبِيل
cache memory,ذَاكِرَةٌ وَسِيطَة
call,نِدَاء
cancel,إِلْغَاء
capacity,وُسْعٌ
capture,اِلْتِقَاط
card,بِطَاقَةٌ
cardeware,كَارْدْوِير
carriage return,رُجُوع العَرَبة
carrier,حَامِلَة
cartridge,خَرْطُوشَة
catalog,فِهْرِس
catenation,تَسَلْسُل
cathode ray tube (CRT),أُنْبُوب أشِِعَّة مَهْبَطِيََّة
central control unit,وَحْدَة التّحَكُّم المَرْكَزِيَّة
central processing unit (CPU),وَحْدة مُعَالَجَة مَرْكَزِيَّةٌ
central unit,وَحْدَةٌ مَرْكَزِيَّة
chain,سِلْسِلَة
chaining search,بَحْثٌ سَلْسَلِيّ
channel,قَنَاة
character,مِحْرَف
character recognition,تَعَرُّفٌ عَلَى الْمَحَارِف
character set,مَجْمُوعةُُ مَحَارِف
character string,سِلْسِلَةُ مَحَارِف
chat,مُحَادَثَة
chat group,مَجْموعَة دَرْدَشَة
click,نَقْرَة
click stream,تَيَّارُ النَّقَرَات
client,زَبُون
clip art,صُورًةٌ إِلِكْتْرُونِيَّة
clock,وَقَّاتَة
coaxial cable,حَبْلٌ مُتَّحِدُ الْمِحْوَر
code,شَفْرَةٌ
code conversion,تَحْوِيلُ شَفْرَة
coder,مُشْفِرٌ
code translation,تَرْجَمَة شَفْرَة
codification,تَشْفِير
coding,إِشْفَار
collating,دَمْج
color palette,لَوْحَةُ ألْوَان
color printer,طَابِعَةٌ بِالألْوَان
color scanner,مِفْراسٌ بِالألْوَان
colors reduction,تَقْلِيصُ الأَلْوَان
column,عَمُود
comma,فَاصِلَة
command,آمِرَة
command menu,قَائِمَةُ الآمِرَات
command structure,بِنْيَةُ آمِرَة
common gateway interface (CGI),وَجِيهَةُ الْمَعْبَر العَامّة
commutator,مُبَدِّل
compact disk,قُرْصٌ مُتَرَاصّ
compact disk burner,مُسَجِّلَةُ الأقْرَاصِ المُدْمَجة
compaction,كَبْس
compatibility,تَلاؤُم
component,مُكَوِّن
computer,حَاسُوب
computer-aided learning (CAL),تعْلِيم بِمُسَاعَدَة الحَاسُوب
computer assisted design (CAD),تَصْمِيم بِمُسَاعَدَةِ الْحَاسُوب
computer based library system,نِظَامُ مَكْتَبَاتٍ مُحَوْسَب
computer center,مَرْكَزُ حَاسُوب
computer configuration,تَشْكِيلَةُ حَاسُوب
computer efficiency,فَعَّالِيَّة حَاسُوب
computer expert,خَبِيرٌ حَاسُوبِيّ
computer generated image,صُورَةٌ مُرَكَّبَةٌ بِوَاسِطَةِ الحَاسوب
computer generation,جِيلُ حَوَاسِيب
computer graphics,رُسُوميّات حَاسُوبِيَّة
computerize,حَوْسَبَة
computer network,شَبَكَةٌ حَاسُوبِيَّة
computer science,عِلْم الحاسوب
computer security,أَمْن الْحَاسُوب
computer simulation,مُحَاكَاة عَلَى الْحَاسُوب
computer system,نِظَامٌ حَاسُوبِيّ
computing speed,سُرْعَةُ حِسَاب
concatenation,سَلْسَلَة
concurrency,تَنْفِيذٌ مُتَآن
condition,شَرْط
configuration,تَشْكِيلَة
conflict,نِزَاع
connect cable,حَبْلُ الْوَصْل
connector,وَاصِل
console,مِطْرَاف
constant,ثَابِت
consult,اِطَّلَعَ عَلَى
contrast,تَبَايُن
control board,لَوْحَةُ تَحَكُّم
control bus,مَسْلَكُ ْمُرَاقَبَة
control channel,قَناة مُراقَبَة
controller,مُرَاقِب
convergence,تَقَارُب
conversational,تَحَاوُرِيّ
conversational mode,مِنْوَالٌ تَحَاوُرِيّ
cookie,كُوكِي
coprocessor,مُعَالِج اِقْتِرَانِيّ
copy,نُسْخَة
copy/paste,نَسْخ / لَصْق
copyright,حُقُوق التَّأْلِيف
corrective,تَصْحِيحِيّ
corrective maintenance,صِيَانَةٌ إصْلاحِيَّة
counter,سِجِلّ
course,سَيْر
cracker,مُهَرِّب
crash,عَطَب
crash area,مَحَطّ الرَّأس
cursor,زَالِقَة
curve,مُنْحَنًى
custom,زَبُون
custom application,تَطْبِيق زَبُون
custom design,تَشْخِيص
cut,قَطْع
cut/paste,قَطْع/لَصْق
cybercash,نَقْدٌ كُهْرُوبِيّ
cybernetics,سِيبِيرْنِيتِيكَا
cyberspace,فَضَاءٌ سِبِرْنِيتِيكِيّ
cycle time,مُدَّةُ دَوْرَة
daisy print wheel,لُؤْلُؤيَّة
dash,قَاطِعَة
data,مُعْطَيَات
data bank,بَنْكُ الْمُعْطَيَات
data base,قاعِدَة مُعْطَيات
data base administrator,مُدَبِّر قَاعِدَة مُعْطَيَات
data base key,مِفْتَاحُ قَاعِدَةِ الْمُعْطَيَات
data base management system,نِظَامُ تَدْبِيرِ قَاعِدَةِ الْمُعْطَيَات
data base server,مُزَوِّد قَاعِدَاتِ الْمُعْطَيَات
data bus,مَسْلَكُ مُعْطَيَات
data capture,مَسْكُ مُعْطَيَات
data carrier,سِنَادُ مُعْطَيَات
data channel,قَناة مُعْطَيات
data communication,إرْسَالُ الْمُعْطَيَات
data compaction,كَبْسُ الْمُعْطَيَات
data compression,كَبْسُ الْمُعْطَيَات
data conversion,تَحْوِيلُ مُعْطَيَات
data description language (DDL),لُغَةُ وَصْفِ مُعْطَيَات
data entry,إِدْخَالُ مُعْطَيَات
data error,غَلَطٌ فِي الْمُعْطَيَات
data exchange,تَبَادُلُ الْمُعْطَيَات
data field,مَجَالُ الْمُعْطَيَات
data file,مِلَفّ مُعْطَيَات
data format,شَوْكَلُ مُعْطَيَات
datagram,كُتْلَةُ مَعْلُومَات
data hierarchy,تَرَاتُبُ مُعْطَيَات
data independence,اسْتِقْلال مُعْطَيَات
data input,إدْخَالُ الْمُعْطَيَات
data locking,كُمُول مُعْطَيَات
data locking,إِزْلاجُ مُعْطَيَات
data management,تَدْبِيرُ مُعْطَيَات
data manipulation language (DLM),لُغَةُ تَنَاول المعطيَات
data medium,وَسِيطُ مُعْطَيَات
data output,إخْراجُ الْمُعْطَيَات
data pen,قَلَمٌ كُهْرُوبِيٌّ
data processing,مُعَالَجَةُ الْمُعْطَيَات
data processing center,مَرْكَزُ مُعَالَجَةِ الْمُعْطَيَات
data protection,حِمَايَةُ مُعْطَيَات
data purification,اصْطِحَاحُ مُعْطَيَات
data record,تَسْجِيلَةُ الْمُعْطَيَات
data reduction,تَقْلِيصُ مُعْطَيَات
data reliability,وُثُوقِيَّةُ مُعْطَيَات
data retrieval,اسْتِرْجَاع مُعْطَيَات
data security,سَلامَة مُعْطَيَات
data sink,مُسْتَقْبِل مُعْطَيَات
data source,مَصْدَرُ الْمُعْطَيَات
data speed,صَبِيبُ مُعْطَيَات
data station,مَحَطَّةُ الْمُعْطَيَات
data structure,بِنْيَةُ مُعْطَيَات
data transmission,إرْسَالُ الْمُعْطَيَات
data type,صِنْفُ الْمُعْطَيَات
deactivate,إخْمَاد
dead,مُعَطَّل
deadline,آخِرُ أَجَل
deadlock,تَوَقُّفٌ مَحْتُوم
dead time,وَقْتٌ مَيِّت
debug,ضَبَطَ
debugging,ضَبْط
debugging aids,أَدَوَاتُ تَشْخِيصِ الأخْطَاء
debug program,مُشَخِّص الأخْطَاء
decibel,دِيسِيبِيل
decimal,عَشَرِيّ
decoder,فَكَّاكُ الشَّفْرَة
decrement,مَنْقُوصٌ ثَابِت
decryption,فَكُّ الشَّفْرَة
dedicated line,خَطٌّ مُكَرَّس
default value,قِيمَةٌ افْترَاضيَّة
defective,مَعِيب
deferred delivery,تَوْصِيلٌ مُؤَجَّل
deferred entry,دَخْلَةٌ مُرْجَأَة
deferred exit,خُرُوجٌ مُرْجَأ
deferred printing,طَبْعٌ مُرْجَأ
delay,تَأْخِيرٌ
delete,مَحْو
deletion,حَذْفٌ
delimiter,مُحَدِّد
density,كَثَافَة
descending order,تَرْتِيبٌ تَنَازُلِيّ
descriptor,وَاصِف
design,تَصَوُّر
desk,مَكْتَب
destination terminal,مِطْرَافٌ مُسْتَقْبِل
detachable disk,قُرْصٌ خَلُوع
detail file,مِلَفّ الْتفاصيل
development,تَطْوِير
device,جِهَاز
device driver,قَائِدُ جِهَاز
diagnostic,تَشْخِيص
diagram,مِبْيَان
dialog,حِوَار
dial pulse,نَبْضَةُ اتِّصُال هَاتِفِيّ
dial-up,رَبْطٌ هَاتفِيّ
dial-up network,شَبَكَةٌ تَبْدِيلِيَّة
dichotomizing search,بَحْثٌ تَنصيفي
dichotomy,تَنصيف
digit,رَقْم
digital,رَقْمي
digital cassette,سَفْطَةٌ رَقْمِيَّة
digital computer,حَاسُوبٌ رَقْمِيّ
digital signature,تَوْقَيعٌ رَقْمِيّ
digital sort,فَرْزٌ رَقْمِيّ
digital video disk  (DVD),قُرْص فيديو رَقْمِيّ
digitize,رَوْقَمَة
direct access,وُلُوج مُبَاشِر
directory,مَصْنَفَة
directory structure,بِنْيَةٌ شَجَرِيَّة
disabled,مُعَطَّل
disconnect,فَصْل
disk,قُرْص
disk  buffer area,مِنْطَقَةُ قُرْصٍ وَسِيطَة
disk directory,مَصْنَفَةُ قُرْص
disk drive,قَارِئَةُ أَقْرَاص
disk formatting,شَوْكَلَة قُرْص
disk operating system ( DOS),نِظَام تَشْغِيلٍ عَلَى الْقُرْص
displacement,زَيْح
display,شَاشَة
display board,لَوْحَةُ الْعَرْض
display device,جِهازُ عَرض
display driver,قَائِدُ الشَّاشَة
distributed data base,قَاعِدَةُ مُعْطَيَاتٍ مُوَزَّعَة
document,وَثِيقَة
documentation,تَوْثِيق
document retrieval,اسْتِرْجَاع وَثَائق
document retrieval system,نِظَام اسْتِرْجَاع وَثَائق
domain,مَجَال
domain name server (DNS),خَادِمُ أسْمَاء الْمَجَالات
domain name system (DNS),نِظَامُ أَسْمَاءِ الْمَجَالات
dongle,مِفْتَاح حماية
downloading,تَنـْزيل
drag and drop,إِزْلاقٌ
driver,قَائِد
drum scanner,مِفْرَاسٌ ذُو أُسْطُوَانَة
duplicate,نُسْخَة
duplicate,نَسْخ
duplication check,مُرَاقَبَةٌ بِالنَّسْخ
echo,صَدىً
edition,نَشْر
editor,نَاشِر
efficiency,فَعَّالِيَّة
eight-bit byte,بَايْت
eject,قَذْف
elapsed time,مُدّة مُنْقََضِيَة
electronic bulletin board,خِدمَة البَرِيد الإلِكترونِيّ
electronic data interchange (EDI),تَبَادُلُ مُعْطَيَاتٍ إلِكْترونيّة
electronic dictionary,قَامُوس إلِكْترونِيّ
electronic filing,تَرْبِيدٌ إلِكْترونِيّ
electronic mail (e-mail, email),بَرِيدٌ إلِكْتْرُوني
emitter,بَاثّ
empty value,قِيمَةٌ فَارِغَة
emulation,تَمثيل
encode,أَشْفَرَ
encryption,تَشْفِير
end of file (EOF),نِهاَيَةُ مِلَفّ
end of text (ETX),نِهَايَةُ نَصّ
end of transmission (EOT),نِهَايَة الإِرْسَال
end page,صَفْحَةُ الْنهَايَة
end user,مُسْتَعْمِلٌ نِهَائِي
entry,دَخْلَة
environment,بيئة
equipment compatibility,تَلاؤُم التَّجْهِيزَات
ergonomics,شُغْلِيَّات
error,غَلَط
error detection,كَشْفُ الأغْلاط
error diagnostic,تَشْخِيصُ الأغْلاط
error message,رَسِيلَة غَلَط
escape (ESC),انْفِلات
Ethernet,إتِرْنِيت
Europanet,أوروبَانيت( شَبَكَة)
evolutionary,تَطَوُّرِيّ
exchange,تَبَادُل
executable,قَابِلٌ للتَّنْفِيذ
execute,نَفَّذَ
execute time,مُدَّة التَّنْفِيذ
exit,خُرُوج
expansible,قَابِلٌ لِلامْتِدَاد
expert system,نِظَامٌ خَبِير
export,تَصْدير
extension,تَوَسُّع
extraction,اسْتِخْرَاج
failure,فَشَل
fatal error,غَلَطٌ حَاسِم
faulty,مَعِيب
favorite,مُفَضَّل
favorites folder,مُجَلَّدُ مُفَضَّلات
fax,نَسْخٌ عَن بُعد
feasibility study,دِراسَة جَدْوَى
feed,تَزْوِيد
fetch,فَتَّشَ
fiber optics,ليفَة ضَوْئِيَّة
fiche,جُذَاذَة
field,حَقْل
fielding,تَنْطِيق
file,جُذَاذِيَّة
file attribute,سِمَة مِلَفّ
file attribute,مُسْنَدَات مِلَفّ
file collating,دَمْجُ الْمِلَفَّات
file descriptor,وَاصِفُ المِلَفّ
file directory,مَصْنَفَةُ مِلَفَّات
file extension,امتدَاد مِلَفّ
file extent,حَجْمُ مِلَفّ
file maintenance,صِيَانَة مِلَفّ
file management,تَدْبِيرُ مِلَفّ
file manager,مُدَبِّرُ مِلَفّ
file name,اسْم المِلَفّ
file protection,حِمَايَةُ مِلَفّ
file recovery utility,نَفْعِيَّةُ اسْتِرْدَادِ المِلَفَّات
file sharing,تَشَارُكٌ فِي مِلَفّ
file structure,بِنْيَةُ مِلَفّ
file transfer,نَقْلُ مِلَفّ
file transfer protocol (FTP),بُرُوتُوكُول نَقْلِ المِلَفَّات
filter,مِرْشَحَة
firewall,وَاقِيَّةٌ من النَّار
firmware,بَرْنَامَج مَصنَعيّ
fixed disk,قُرْصٌ ثَابِت
flashing,وَمِيض
flat scanner,مِفْرَاسٌ مُنْبَسِط
flexible,مَرِن
floating menu,قَائِمَةُ خِيَارَاتٍ عَائِمَة
floppy disk,قُرَيْص
flowchart,خَرِيطَة مَسار الْمَعْلُومَات
flow diagram,مِبْيَان انْسِيَابي
folder,مُجَلَّد
font,طَقم الْمَحَارِف
footing,أَسْفَلُ الصَّفْحَة
footnote,حَاشِية سُفلية
foreground,مُسْتَوىً أَمَامِيّ
form,اسْتِمَارَة
format,شَوْكَل
formatting,شَوْكَلَة
form feed,تَخَطِّي الصَّفْحَة
frame,إِطَار
freeware,بَرْمَجِيَّةٌ مَجَّانِيَّة
frequency,تَرَدُّد
frequently asked,أَسْئِلَةٌ متَرَدِّدَةٌ
full size display,عَرض بكامل الشاشَة
functionality,وَظِيفِيَّة
function key,مِفتَاح وَظِيفِيٌّ
furtive virus,فَيْرُوسٌ خَفِيّ
gateway,مَعْبَر
generator,مُوَلِّد
glitch,مَصْعَب
global system for mobile communication (GSM),نِظَامٌ عَامٌّ للاتِّصَالِ الْمُتَحَرِّك
glossary,مَسْرَد
gopher,غُوفر
graphic,رَسم بَيَاني
graphic data processing,مَعْلُومِيَاتٌ رسوميَّة
graphic display,عَرْضٌ رُسُومِيٌّ
graphic interchange format (GIF),شَوْكَلُ التَّبَادُلِ الْرُّسُومِيّ
graphics,رُسُوميّات
graphics 3-D,رُسُوميّات فِي ثَلاثَةِ أَبْعَاد
graphics board,لَوْحَةٌ رُسُوميَّة
graphics software,بَرْمَجِيَّةٌ رُسُومِيَّة
grid,شَبَك
groupware,بَرْمَجِيَّةٌ جَمَاعِيَّة
guest status,وَضْعيَّةُ ضَيْف
hacker,قُرْصَان
halt instruction,تَعْلِيمَةُ التَّوَقُّف
hand-held computer,حَاسُوبٌ جَيْبِيّ
handler,مُدَبِّر
hand scanner,مِفْرَاسٌ يَدَوِيّ
hang-up,تَوَقُّفٌ غَيْرُ مُتَوَقَّع
hard copy,نُسْخَة وَرَقية
hard disk,قُرْصٌ صَلْب
hardlock,مِفْتَاح حِمَايَة إلكتروني
hardware,عَتَاد
head,رَأْس
header,تَرويسَة
head of form (HOF),أَعْلَى الصَّفْحَة
help,مُسَاعَدَةٌ
hertz (Hz),هِرْتز
heterogeneous network,شَبَكَةٌ غَيْرُ مُتَجَانِسَة
hidden,مَخْفِيٌّ
hierarchical data base,قَاعِدَةُ مُعْطَيَاتٍ ترَاتُبية
hierarchy,تَرَاتُب
highlight,سُطُوعٌ فَائِق
high memory area,مِنْطَقََةٌ عَاليَّةٌ مِنَ الذَاكِرَة
high resolution,دِقِّيَّةٌ عَالِيَة
histogram,مِدْرَاج
hit,ضَرْبَة
holding time,مُدَّةُ شَغْلِ الْخَطّ
home directory,رَأْسُ الْمَصْنَفَة
home page,صَفْحَةُ الْبِدَايَة
homogeneous computer network,شَبَكَةٌ حَاسُوبِيَّة مُتَجَانِسَة
horizontal scrollbar,شَرِيطُ تَمْرِير أفُقِي
host,مُضِيف
host computer,حَاسُوبٌ مُضِيف
hot line,خَطٌّ مُبَاشِرٌ
hunting,تَصَيُّدٌ
hybrid,هَجِينٌ
hybrid computer,حَاسُوبٌ هَجِين
hyperlink,رِبَاطُ التَّشَعُّب
hypermedia,وَسَائِط مُتَشَعِّبَة
hypertext,نَصٌّ مُتَشَعِّب
hypertext link,رَبْطُ نَصٍّ مُتَشَعِّب
hypertext markup language (HTML),لُغَةُ وَسْمِ النُّصوُص المتشَعّبَة
hypertext transfer protocol (HTTP),بُرُوتُوكُول نَقلِ النَّصِّ المتَشَعّب
icon,أَيْقُونَة
illegal,غَيْرُ جَائِزَة
illegal character,مِحْرَف مَمْنوع
illegible,لا يُقْرَأُ
image,صُورَة
image processing,مُعَالَجَةُ الصُّورَة
immediate access,وُلُوجٌ فَوْرِيّ
immediate delivery,إيصَالٌ فَوْرِيّ
immediate processing,مُعَالَجَةٌ فَوْرِيَّة
immediate processing,مُعَالَجَةٌ فَوْرِيَّة
import,اسْتِيرَاد
inactive,خَامِل
inbuilt,مُدْمَج
incident,طَارِئٌ
incompatible,غَيْرُ مُتَلائِم
inconsistency,عَدَمُ الاتِّسَاق
increment,مُضَافٌ ثَابِت
indent,إزَاحَةٌ
indentation,عَمَلّية الإزَاحَة
index,ثَبْت
index,مَثْبَتَ
indexing,مَثْبَتَةٌ
index table,جَدْوَلُ الأثْبَات
inference,اسْتِنْبَاطٌ
inference engine,مُحَرّك اسْتِنْبَاط
informatician,مَعْلُومِيَّاتِيّ
informatics,مَعْلُومِيَاتٌ
information,مَعْلُومَةٌ
information gathering,تَجْمِيعُ الْمُعْطَيَات
information input,إدخَال ُ المَعْلُومَات
information processing,معالجة المعلومات
information retrieval,اسْتِرْجَاع مَعْلُومَات
information retrieval system (IRS),نِظَامُ اسْتِرْجَاع مَعْلُومَات
information storage and retrieval,تَخْزِين مَعْلُومَات واسْتِرْجَاعُهَا
information superhighway,طَرِيقٌ سَيَّارٌ لِلْمَعْلُومَات
information system,نِظَامُ الْمَعْلُومَات
information technology,تقَانَة الْمَعْلُومَات
initialization,اسْتِفْتَاحٌ
initiation,إِطْلاق
inkjet printer,طابِعَةٌ نَافِثَةُ حِبْر
input data,مُدْخَلات
input device,جِهاز إدخال
input/output device,جِهاز إدخال/إخراج
input/output (I/O),دَخْل/ خَرْج
input/output port,بَوَّابَةُ الدَّخْرَجَة
input port,بَوَّابَةُ الدَّخْل
input scanner,مِفْرَاسٌ ذُو دَخْلَة
input work queue,صَفُّ انْتِظَارِ الإِدْخَال
inquiry,اسْتِفْسَار
inquiry station,مَحَطَّة استفسَار
insertion,إِدْرَاج
installation,إِرْسَاء
instruction,تَعْلِيمَة
integer,عَدَد صَحِيح
integrated circuit,دارَة مُتَكَاملة
integrated service digital network (ISDN),شَبَكَةُ خِدْمَة رَقْمِيَّة مُدْمَجَة
integration,إِدْمَاج
integrity,كُمُول
intelligence,ذَكَاء
intelligent terminal,مِطْرَافٌ ذَكِيٌّ
interactive,تَفَاعُلِيّ
interactive access,وُلوج تَفَاعلِيّ
interactive mode,مِنْوَالٌ تَفَاعُلِيّ
interactive system,نِظَام تَفَاعُلِيّ
interchange,تَبَادُل
interconnection,وَصْل بَيْن
interface,وَجِيهَة
interfacing,وَصْل
interference,تَدَاخُل
interfering signal,إِشَارَةٌ مُشَوِّشَةٌ
interlinear spacing,فُسْحَة بَين السُّطُور
interlock,إِزْلاج
internal label,عَلامَة التَّعَرّف الدَّاخلية
international standard book number (ISBN),رَقْم اِلْكِتَاب الْمِعْيَارِيّ الدُّوَليّ
international standard organization (ISO),الْمُنَظَّمَة الدُّوَلِيَّة لِلْمُوَاصَفَات
international standard serial number (ISSN),الرَّقْم الْمِعْيَارِيّ التَّسَلْسُلِيّ الدُّوَليّ
internaute,مُسْتَعْمِلُ الإنْتِرْنِيت
internet control message protocol (ICMP),بُرُوتُوكُول إنْتِرْنيت للتَّحَكُّم فِي الرَّسَائِل
Internet (INTERconnection NETwork),إِنْتِرْنِيت
internet protocol (IP),بُرُوتُوكُول إِنْتِرْنِيت
internet protocol next generation (IPNG),بُرُوتُوكُول إِنْتِرْنِيت لِلْجِيلِ القَادِم
internet provider,مُزَوِّدُ خَدَمَاتِ إِنْتِرْنِيت
internet registry (IR),مَصْلَحَةُ التَّسْجِيلِ عَلَى الإنْتِرْنِيت
internet relay chat (IRC),مُحَادَثَات التَّنَاوُب عَلَى الشابكة
internet search engine,مُحَرّك بَحْث فِي الإنْتِرْنِيت
internet service provider,مُزَوِّدُ خَدَمَاتِ الإِنْتِرْنِيت
internet society (ISOC),جَمْعِيَّةُ إِنْتِرْنِيت
interrogation,مُسَاءَلَة
interrupt,انْقِطَاع
interrupt request,طَلَبُ انْقِطَاع
interword spacing,فُسْحَة بَيْن الْكَلِمَات
intranet,إنْتْرَانِيت
invalid,غَيْرُ صَالِح
inverted file,مِلَفّ مَعْكُوس
IP address,عُنْوَان إنْتِرْنِيت
iterative process,سَيْرُورَة تَرْدِيدِيّة
joystick,مقبَض التحَكم
jump,قَفْز
justification,ضَبط السُّطُور
juxtaposition,تَجَانُب
key,مِفْتَاح
keyboard,لَوْحَةُ مَفَاتِيح
keyboarding,إدخَال بِوَاسِطَة لَوْحَة الـْمَفَاتِيح
keyboard layout,تَمَوْضُع المَفَاتِيح فِي لَوْحَة المَفَاتِيح
keyboard shortcut,مِفْتَاح اخْتِصَار
key lock,رَتْجُ مَفَاتِيح
keyset,لَوْحَةُ مَفَاتِيح
keys locking,إِزْلاجُ مَفَاتِيح
keystroke,رَقْن
keyword,كَلِمَةٌ مِفْتَاحٌ
kit,عُدَّة
knob,زِرّ
knowledge base,قَاعِدَةُ مَعَارِف
knowledge base system,نِظَامٌ مَعْرِفيّ
language,لُغَة
language translation,تَرْجَمَة لُغَة
language translator,مُتَرْجِم لُغَة
laptop computer,حَاسُوبٌ مَحْمُول
laser printer,طَابِعَةٌ لَيْزَرِيَّة
last in first out (LIFO),آخِر دَاخِل أَوَّل خَارِج
latching,إِزْلاج
launching,إِطْلاق
layer,طَبَقَة
layout,تَوْضِيب
leading,فُسْحَة بَين السُّطُور
leased line,خَطٌّ مُخَصَّص
left justification,ضَبط إِلَى الْيَسَار
left shift,إِزَاحَةٌ إِلَى الْيَسَار
length,طُول
library automation,أَتْمَتَةُ الْمَكْتَبَة
library handler,بَرْنَامَجُ تَدْبِيرِ مَكْتَبَة
library handler,بَرْنَامَجُ تَدْبِيرِ مَكْتَبَة
light,رَقِيق
light pen,قَلَمٌ ضوئي
line,سَطْر
line hit,تَشْوِيش
link,رَبْط
linkage,رَبْط
link control procedure,بُرُوتُوكُول التَّحَكُّم فِي الاِتِّصَال
listserv,قَائِمَةُ النَّشْر
load,تَحميل
load program,بَرْنَامَجُ التَّحْمِيل
local area network (LAN),شَبَكَةٌ مَحَلِّيَّة
local mode,مِنْوَالٌ مَحَلِّي
location,مَوْضِع
lock-out,إِزْلاج
log,يَوْمِيَّةُ الْمَتْن
logical add,جَمْع مَنْطِقِيّ
logical unit,وَحْدَةٌ مَنْطِقِيَّة
login,فَتْح
logo,تَرْخِيمَة
log off,إِغْلاق
logout,إِغْلاق
look up,بَحْث
lower case,حَرْفٌ صَغِير
machine learning,تَعَلُّمٌ آلِيّ
machine translation,تَرْجَمَةٌ آلِيَّة
macro,مَاكْرُو
macro library,مَكْتَبَةُ مَاكْرُو
macro virus,فَيْرُوسُ مَاكْرُو
magnetic disk,قُرْصٌ مَغْنَاطِيسِيّ
magnetic head,رَأسٌ مَغْنَاطِيسيّ
magnetic medium,وَسِيط مَغْنَاطِيسِيّ
magnetic tape,شَرِيطٌ مَغْنَاطِيسِيّ
mail box,صُنْدُوق بَرِيد
mailing list,قَائِمَةُ الْبَرِيد
mail server,خَادِمُ الْبَرِيد
main frame,حَاسُوبٌ رَئِيسِيّ
main menu,قَائِمَةُ الخِيَارَاتِ الرَّئِيسِيَّة
main storage,خَزَّان رَئِيسِِيّ
main task,مُهِمَّةٌ رَئِيسِيَّة
maintenance,صِيَانَة
management,تَدْبِير
manager,مُدَبِّر
man machine interface (MMI),وَجِيهَة بَيْنَ الإِنْسَان والآلَة
manual,كُتَيِّب شَرْح
manual input,إدْخَالٌ يَدَوِيّ
manufacturer,صَانِع
margin,هَامِش
markup,مَعْلَمٌ
mask,قِنَاع
masking,إخْفَاء جُزْئيّ
mass mailing,إرْسَال بَرِيدِيّ مُتَعَدِّد
mass storage,ذَاكِرَةٌ ضَخْمَة
master,سَيِّد
match key,مِفْتَاحُ الْفَرْز
matrix printer,طَابِعَةٌ نُقَطِيَّة
matrix printer,طَابِعَةٌ نُقَطِيَّة
megabyte (MB),مِيغَاباَيْت
megahertz (MHZ),مِيغَاهِرْتْز
memorize,تَخْزِين
memory,ذَاكِرَة
memory capacity,سَعَة الذَّاكِرَة
memory management,تَدْبِيرُ الذَّاكِرَة
memory map,خَرِيطَة الذَّاكِرَة
memory protection,حِمَايَةُ الذَّاكِرَة
menu,قَائِمَةُ خِيَارَات
menu bar,شَرِيط قَوائِمِ الاخْتِيارَات
merge,دَمْج
message,رَسِيلَة
message routing,تَوْجِيه رَسِيلة
messaging,بَرِيد
microchip,شَرِيحَة مُدْمَجَة
microcomputer,حَاسُوبٌ مَايكْرَويّ
microfiche,جُذَاذَةٌ دِقِّيَّة
microfiche reader,قَارِئَةُ الْجُذَاذَاتِ الدِقِّيَّة
microfilm,فِلْمٌ دِقِّيّ
microprocessor,مُعَالِجٌ دِقِّيّ
migration,نَقْل
million instructions per second (MIPS),مَلْيُون تَعْلِيمَة فِي الثانية
mirror (server),مِرْآة (خادِم)
mobile,مَحْمُول
mode,مِنْوَال
model,نَمُوذَج
modeling,نَمْذَجَة
modem (modulator/demodulator),مُوديم
moderator,وَسِيط
modular,قَالَبيّ
module,مُكَوِّن
monitor,مِرْقَاب
monochrome display,عَرْضٌ وَحِيدُ اللَّوْن
mosaic,فُسَيْفِسَاء
motherboard,لَوْحَةٌ أُمٌّ
mouse,فَأْرَة
mouse speed,سُرْعَةُ الْفَأْرَة
multipurpose internet mail extensions (MIME),بُرُوتُوكُول مِيم
multitasking,مُتَعَدِّدُ الْمَهَامّ
multi-user dungeon (MUD),لُعْبَةُ الأبْرَاجِ
multi-user system,نِظَامٌ مُتَعَدِّد الْمُسْتَعْمِلِين
musical instrument digital interface (MIDI),وَجِيهَةٌ رَقْمِيَّةٌ للأدَوَاتِ الموسِيقية
nanosecond,نَانُوثَانِيَة
navigator,مُبْحِر
near letter quality (NLQ),جَوْدَةُ طَبْعٍ بَرِيدِيّ
negative acknowledgement,إِشْعَارٌ بِعَدَمِ تسلُّم
netiquette,أَخْلاقُ الشَّبَكَة
netizen (internet citizen),مُوَاطِنُ الشَّبَكَة
net supervisor,مُشْرِفٌ عَلى الشَّبَكَة
net surfer,مُبْحِر
network,شَبَكَة
network architecture,بِنْيَة شَبَكَة
network computer (NC),حَاسُوبٌ شَبَكِيّ
network connection,وَصْلٌ شَبَكِيّ
network crash,عَطَلُ شَبَكَة
network data base,قَاعِدَةُ مُعْطَيَاتٍ شَبَكِيَّة
network driver,مُدَبِّرُ الشَّبَكَة
network file system (NFS),نِظَامُ التَّشَارك الشَّبَكيّ في  الْمِلَفَّات
network information center (NIC),مَرْكَزُ المَعْلُومَاتِ على الشَّبَكَة
network layer,طَبَقَة الشَّبَكَة
network management,تَدْبِيرُ شَبَكَة
network protocol,بُرُوتُوكول الشَّبَكَة
network topology,طُوبُولُوجِية شَبَكَة
news,أَنْبَاء
newsgroup (forum),نَدْوَة المُنَاقَشَة
new start,إِعَادَةُ انْطِلاق
nickname,اسْمٌ مُسْتَعَار
node,عُقْدَة
nomenclature,صُنَافَة
non volatile memory,ذَاكِرَةٌ دَائِمَة
numerical character,مِحْرَفٌ رَقْميّ
numerical sorting,فَرْزٌ عَدَدِيّ
object,مَوْضُوع
oblique stroke,عَارِضَةٌ مَائِلَة
occurrence,وُرُود
offline,مَفْصُول
offline processing,مُعَالَجَةٌ مُرْجَأَة
online,عَلَى الْخَطّ
online help,مُسَاعَدة عَلَى الْخَطّ
online processing,مُعَالَجَةٌ مُبَاشِرَة
online service,خِدْمَةٌ مُبَاشِرَة
operating system (OS),نِظَامُ تَشْغِيل
operating time,مُدَّة التَّنْفِيذ
operation,عَمَلِيَّة
operator,عَامِل
optical cable,حَبْلٌ ذُو أَلْيَافٍ ضَوئِيَّة
optical character reader,قَارِئَةٌ ضَوْئِيَّة لِلْمَحَارِف
optical character recognition (OCR),تَعَرُّفٌ ضَوْئِيّ على المَحَارِف
optical disk,قُرْصٌ ضَوْئِيّ
optical reader,قَارِئَةٌ ضَوْئِيَّة
optical scanner,مِفْرَاسٌ ضَوْئيّ
optimization,أَمْثلَة
option,خِيَار
option case,خَانَةُ الْخِيارَات
organization chart,رُسَامَة تَنْظِيمِيَّةٌ
output,خَرْج
output device,جِهاز إخراج
output port,بَوَّابَةُ الْخَرْج
output process,اسْتِخْرَاج
overhead projector,عَارِضَةٌ عَاكِسَة
overlay,إِطْبَاق
pack,كَبَسَ
package,بَرْمَجِيَّةٌ جَاهِزَة
packet,حُزْمَة
packet internet groper (PING),رَائزُ حُزَمِ إِنْتِرْنيت
packet switched,شَبَكَةُ تَبْدِيل بِالْحُزَم
packet switching network,شَبَكَةُ تَبْدِيل بِالْحُزَم
page,صَفْحَة
page frame,إِطَارُ صَفْحَة
page header,عُنْيَانُ صَفْحَة
pages per minute (PPM),صَفَحَات فِي الدَّقِيقَة
paging,تَصْفِيح
paper feed,تَمْرِير الوَرَق
paper feed control,تَحَكُّمٌ فِي تَمْرِيرِ الْوَرَق
paper jam,تَكَدُّسُ الْوَرَق
paper weight,وَزْنِيَّةُ الْوَرَق
parallel port,بَوَّابَةٌ متَُوَازِية
parallel printer,طَابِعَةٌ بِالتَّوَازِي
parallel processing,مُعَالَجَةٌ بِالتَّوَازِي
parallel running,تَشْغِيلٌٌ بِالتَّوَازِي
parent directory,مَصْنَفَةٌ أَصْلٌ
partition,تَجْزِئَة
partition virus,فَيْرُوسُ التَّجْزِئَة
password,كَلِمَةُ السِّرّ
paste,لَصْق
patch,مُصَحِّحٌ
patch plug,قَابِس وَصْل
path,سَبِيل
pathname,سَبِيل تَامّ لِلْوُلُوج
pattern,نَمُوذَج
pattern recognition,تَعَرُّفٌ عَلَى الأشْكَال
pecker,مُلْتَقِط
performance,إِنْجَاز
performance/cost ratio,نِسْبَةُ الإِنْجَاز إِلَى الثَّمَن
peripheral device,جِهاز طَرفي
personal computer,حَاسُوبٌ شَخْصِيّ
phone dialer,مُرَكِّبُ الأَرْقَام الْهَاتِفِيَّة
pick,انْتَقَى
pixel,بِكْسِيل
place recovery,اسْتِرْجَاعُ مَكَان
platform,أَرْضِيَّة
plotting table,طَاوُلَةٌ رَاسِمَة
plug and play,قَبْس وَتَشْغِيل
plug-in board,بِطَاقَةٌ قَابِلَة لِلْقَبْس
point of presence (PoP),نُقْطَةُ الوَصْلِ
point-to-point protocol,بُرُوتُوكُولُ وصْل نُقْطَة بِنُقْطَة
poll,اسْتِفْتَاء
polymorphous virus,فَيْرُوسٌ مُتَعَدِّدُ الأشْكَال
pop-down menu,قَائِمَةُ خِيَارَاتٍ مُنْسَدِلَة
port,بَوَّابَة
portability,نَقُولِيَّة
postfix,لاحِقَة
post office protocol (POP),بُرُوتُوكُولُ البَرِيد الإلكْتْرُونيّ
preset,اسْتَفْتَحَ
preventive maintenance,صِيَانَةٌ وِقَائِيَّة
preview,رَأَّى
preview,مُشَاهَدَةٌ مُسْبَقَة
print,طَبْع
printed circuit,دارَة مَطْبوعَة
printer,طَابِعَة
printer ribbon,سَفِيفَةُ طَابِعَةٍ
print head,رَأسُ الطَّبْع
printing pin,إِبْرَةُ الطَّبْع
printing rate,سُرْعَةُ الطَّبْع
printout,إِخْرَاجٌ عَلَى الطَّابِعَةِ
print out,طَبَعَ
priority,أَوْلَوِيَّة
privacy,خُصُوصِيَّة
privacy-enhanced mail (PEM),بَرِيدٌ مُدَعَّمُ السِّرّيَّة
process chart,رُسَامَة إجْرَاءات
processing,مُعَالَجَة
processor,مُعَالِج
processor structure,بِنْيَةُ الْمُعَالِج
program,بَرنَامَج
programmer,مُبَرْمِج
prompt,دَعْوَة
protocol,بُرُوتُوكُول
prototype,نَمُوذَج أوَّلِيّ
provider,مُزَوِّدُ خَدَمَاتِ إِنْتِرْنِيت
pull-up menu,قَائِمَةُ خِيَارَاتٍ صَاعِدَة
pushbutton,زِرٌّ دَفْعِيّ
qualimetry,قِيَاسُ الْجَوْدَة
query,مُسَاءَلَة
query language,لُغَة المسَاءَلَة
queue,صَفُّ الانْتِظَار
quick and dirty,سَرِيعٌ وَردِيء
quicktime (QT),بُرْهَة
quit,مُغَادَرَة
ramdisk,قُرْصٌ افْتِرَاضيّ
random access,وُلوج عَشْوائِيّ
random access memory (RAM),ذَاكِرَةٌ انْتِقَائِيَّة
read,قِرَاءَة
reader indicator,مُؤَشِّرُ قَارِئَة
read error,غَلَطٌ فِي الْقِرَاءة
read head,رَأْسُ الْقِرَاءَة
read instruction,تَعْلِيمَةُ الْقِرَاءَة
readme,اقْرَأْنِي
read/write head,رَأْسُ الْقِرَاءَةِ والْكِتَابَة
read/write (R/W),قِرَاءَةٌ/كِتَابَةٌ
real time clock (RTC),وَقَّاتَة في الوَقْت الحَقِيقِيّ
real time control,تَحَكُّم في الوَقْت الْفِعْلِيّ
real time execution,تَنْفِيذٌ فِي الوَقْتِ الْفِعْلِيّ
real time input,إِدْخَالٌ حَسَبَ الزّمَن الفعليّ
real time output,خَرْجٌ في الوَقْتِ الْحَقِيقِيّ
real time processing,مُعَالَجَةٌ حَسَبَ الْوَقْتِ الْفِعْلِيّ
recall,إعَادَةُ نِدَاء
receiver,مُسْتَقْبِل
reception,اسْتِقْبَال
recognition,تَعَرُّف
reconfiguration,إِعَادَةُ تَشْكِيل
record,تَسْجِيلَة
record locking,إِزْلاجُ تَسْجِيلَة
recover,اسْتِردَاد
recursive process,سَيْرُورَة تَرَاجُّعِيّة
red book,كِتَابٌ أَحْمَر
redo,إعادَة
reduction,تَقْلِيص
redundancy,حَشْو
redundant,حَشْوِيّ
reference,مَرْجِع
reference symbol,رَمْزٌ مَرْجِعِيّ
relation,عَلاقَةٌ
relational,عَلائِقِيّ
relational data base,قَاعِدَةُ الْمُعْطَيَاتِ العلائقية
release,إصْدَار
reliability,وُثُوقِيَّة
reliable,ثِقَة
remote,عَنْ بُعْد
remote access,وُلُوج بُعْدِيّ
remote access service,خِدْمَةُ وُلُوج ٍ بُعْدِيّ
remote computing,حَوْسَبَة عَنْ بُعْد
remote connection,وَصْلٌ عَنْ بُعْد
remote control,تَحَكُّمٌ عَنْ بُعْد
remote maintenance,صيانةٌ عَنْ بُعْد
remote processing,مُعَالَجَةٌ عَنْ بُعد
remote server,خَادمٌ عن بُعْد
remote terminal,مِطْرَافٌ بَعِيد
rename,تَغْيِيرُ الاسْم
repertory,مَصْنَفَة
replace,تَعْوِيض
report,تَقْرِير
request,طَلَبٌ
request for comments (RFC),طَلَب تَعْلِيق
request for discussion (RFD),طَلَبُ مُنَاقَشَة
requirements,مُتَطَلَّبَات
research,بَحْث
reserved word,كَلِمَةٌ مُخَصَّصَة
reset,إعَادَةُ تَبْدِئَة
resolution,دِقَّة
resource,مَوْرِد
resource management,تَدْبِيرُ الْمَوَارِد
resource sharing,تَقَاسُمُ الْمَوَارِد
response,اسْتِجَابَة
response time,مُدَّة الاِسْتِجَابَة
restart,اسْتِئْنَاف
restitution,اسْتِرْجَاع
restoration,تَرْمِيم
retrieval,اسْتِرْجَاع
return,رُجُوعٌ
reverse address resolution protocol (RARP),بُرُوتُوكُول الْحَلِّ الْعَكْسِيّ للعَنَاوِين
right and left justification,ضَبط إِلَى الْيَمِينِ وَ إلى الْيَسَار
right justification,ضَبط إِلَى الْيَمِينِ
right shift,إِزَاحَةٌ إِلَى الْيَمِين
ring network,شَبَكَةٌ حَلْقِيَّةٌ
robot,عَاتُول
roll,تَمْرِير
root,جَذْر
round brackets,أَقْوَاس
router,مُفَرِّع
running,تَنْفِيذ
run time,مُدَّة التَّنْفِيذ
safeguard,حِفْظ
salvager,بَرْنَامَجُ الْحِفْظ
save,حِفْظ
scale,مِقْيَاس
scaling,تَأْطِير
scan,تَفَرُّس
scan code,شَفْرَةُ مَسْح
scanner,مِفْرَاس
scanning speed,سُرْعَةُ الْمَسْح
scheduled maintenance,صِيَانَة مُجَدْوَلَة
scheduler,مُجَدْول
scheduling,جَدْوَلَة
scheme,رَشَم
scratch,إِتْلاف
screen,شَاشَة
script file,مِلَفّ التَّعْلِيمَات
scroll,تَمْرِير
scrolling bar,شَرِيطُ تَمْرِير
search,بَحْث
search and replace,بَحْثٌ وَتَعْوِيض
search engine,مُحَرِّكُ بَحْث
search key,مِفْتَاحُ بَحْث
search time,مُدَّةُ بَحْث
sector,قِطَاع
seek,بَحْث
seek time,مُدَّةُ بَحْث
segment,شُدفَةٌ
segmentation,تَشْدِيف
selection,انْتِقَاء
semicolon,فَاصِلَة مَنْقُوطَة
send out,بَثّ
separator,فَاصِل
separator character,مِحْرَفُ الْفَصْل
sequential access,وُلُوجٌ تَسَلسُليّ
serial line internet protocol (SLIP),بُرُوتُوكُول الْخَطِّ التّسَلْسُلِيّ للإنْتِرْنِيت
serial port,بَوَّابَةٌ تَسَلْسُلِيَّة
serial transmission,إرْسَالٌ تَسَلْسُلِيّ
server,مُزَوِّد
server page,صَفْحَةُ الخَادِم
service,خِدْمَة
session,حِصَّة
set,مَجْمُوعَة
setting,ضَبْط
setting wizard,مُسَاعِد الإعْدَادَات
set-up,إِرْسَاء
shadow,ظِلّ
share,اقْتِسَام
shared data base,قَاعِدَةُ مُعْطَيَاتٍ مُشْتَرَكَةٌ
shared line,خَطٌّ مُشْتَرَك
shareware,بَرْمَجِيَّةٌ مُشْتَرَكَة
sheet,وَرَقَة
sheet feed,تَزْوِيدٌ بِالْوَرَق
shortcut,أَيْقُونَة اخْتِصَار
short message service (SMS),خِدْمَةُ الرَّسَائِلِ الْقَصِيرَة
shutdown,إيقَاف التَّشْغِيل
signing file,مِلَفّ تَوْقِيع
simple mail transfer protocol (SMTP),بُرُوتُوكُولٌ بَسِيط لِنَقْلِ الْبَرِيد
simultaneous processing,مُعَالَجَةٌ مُتَآنِيَّة
site,مَوْقِع
site web,مَوقِعُ وِيبْ
size,حَجْم
skip,تَخَطٍّ
slash,خَطٌّ مَائِل
slave,خَادِم
slave computer,حَاسُوبٌ مُسَخَّر
sleep mode,مِنْوَالُ رَاحَة
slotsoftware development kit,طَقْمُ تَطْوِيرِ الْبَرْمَجِيَّات
smiley,بَسْمَة
snail mail,بَرِيدُ الْحَلَزُون
software,بَرْمَجِيَّة
software development kit,طَقْمُ تَطْوِيرِ الْبَرْمَجِيَّات
software house,شَرِكَةُ بَرْمَجِيَّأت
software package,بَرْمَجِيَّةٌ جَاهِزَة
sort,فَرْز
sort algorithm,خَوَارِزْمِيِّةُ الْفَرْز
sort control field,حَقْلُ التَّحَكُّم فِي الْفَرْز
sorting method,طَرِيقَةُ الفَرْز
source,مَصْدَر
source code,شَفْرَةٌ مَصْدَر
source document,وَثِيقَةٌ مَصْدَرٌ
source program,بَرنَامَجٌ مَصْدَرٌ
space,فُسْحَة
special character,مِحْرَفٌ خَاصّ
specification,مُوَاصَفَة
speech processing,مُعَالَجَةُ الْكَلام
speech recognition,تَعَرُّفٌ عَلَى الْكَلام
speech synthesizer,مُوَلِّفُ الْكَلام
spellcheck,تَدْقِيقٌ إِمْلائِيّ
speller,مُدَقِّق إمْلائيّ
spooler,مُدَبِّرُ صَفِّ الانْتِظَار
spool (simultaneous peripheral operations on line),أسْبُول
spread sheet,مُجَدْول
square brackets,مَعْقُوفَتَان
stack safeguard,حِفْظٌ بِبَطَّارِيَّة
stand-alone system,نِظَامٌ مُسْتَقِلّ
standard,مُوَاصَفَة
standardization,تَنْمِيط
star,نَجْمَةٌ
star network,شَبَكَةٌ نَجْمِيَّة
start,انْطِلاق
start up,شُرُوع
statement,تَعْلِيمَة
station,مَحَطَّة
stop list,قَائِمَةُ كَلِمَاتٍ مُفْرَغَة
storage capacity,وُسْعُ التَّخْزِينِ
storage medium,وَسِيطُ تَخْزِين
store,تَخْزِين
stream,تدفُّق
streamer,دَفَّاقَةٌ
string,سِلْسِلَة
structure,بِنْيَة
structured query language (SQL),لُغَةُ مُسَاءَلَةٍ مُبَنيَنَة
subdirectory,مَصْنَفَة ٌ فَرْعِيَّة
subnet,شُبَيْكَة
subscriber,مُشْتَرِك
subscription,اشْتِرَاك
subscription file,مِلَفّ الاشْتِرَاك
suffix,لاحِقَة
summary,مُلَخَّص
supervisor,مُدَبِّر
supplier,مُزَوِّد
support,سِنَاد
suppression,حَذْفٌ
surf,إٍبْحَار
swap file,مِلَفُّ تبْدِيل
swapping,تَبْدِيلَة
switch,مُبَدِّل
syllabe,مَقْطَع
synchronization,تَزَامُن
synchronous transmission,إرْسَالٌ مُتَزامِنٌ
synonym dictionary,قَامُوسُ الْمُرَادِفَات
syntax,تَرْكِيب
system,نِظَامٌ
system crash,تَوَقُّفٌ طَارِئٌ لِلنِّظَامِ
system documentation,وَثَائِقُ نِظَام
system program,بَرْنَامَج نِظَام
systems analyst,مُحَلِّل أنْظِمَة
system shutdown,إيقَاف تَشْغِيل النِّظَام
table,جَدْوَلٌ
table of contents,جَدْوَلُ الْمُحْتَوَيَات
tabulation,جَدْوَلَة
tag,مَعْلَمٌ
tape backup,حِفْظُ فِي شَرِيط
tape reader,قَارِئَةُ الأشْرِطَة
target,هَدَفٌ
targeting,تَوَجُّه
task,مُهِمَّة
taskbar  icon,أَيْقُونَة شَريط الْمُهِمَّات
teachware,بَرْمَجِيَّةٌ تَعْلِيمِيَّة
technical manual,كُتَيِّب تِقْنِيّ
technology,تِقَانَة
telecommunication,اتِّصَالٌ بُعْدِيٌّ
telecomputing,حَاسُوبِيَّات بُعْدِيَّة
teleconference,مُحَاوَرَةٌ بُعْدِيَّة
telecopier,نَاسُوخ
telefax,نَسْخٌ عَن بُعد
teleinformatics,حَاسُوبِيَّات بُعْدِيَّة
telematics,حَاسُوبِيَّات بُعْدِيَّة
teleprocessing,مُعَالَجَةٌ عَنْ بُعد
teletype,طَابِعَةٌ بُعْدِيَّة
terminal,مِطْرَاف
test,فَحْص
test data,مُعْطَيَاتُ رَوْز
test data set,مَجْمُوعَة مُعْطَيَات لِلْفَحْص
text,نَصّ
text file,مِلَفّ نَصِّيٌّ
text processing,مُعَالَجَةُ النُّصُوص
textual,نَصيّ (ملف)
thermal printer,طَابِعَةٌ حَرَارِيَّة
thesaurus,مَكْنَزٌ
three-dimensional scanner,مِفْرَاسٌ ثُلاثِيُّ الأبْعَاد
threshold,عَتَبَة
throughput,صَبِيب
tilde,تِلْدَة
time-out,تَمْهِيلٌ
timer,وَقَّاتَة
time sharing,تَقَاسُم الْوَقْت
T network,شَبَكَةٌ عَلَى شَكْل الْحَرْف اللاتيني 'تي'
tool,أَدَاةٌ
toolbar,شَرِيطُ أدَوَات
toolbox,عُلْبَةُ أَدَوَات
toolkit,عُلْبَةُ أَدَوَات
track down,تَعَقُّبُ مَسَار
training package,بَرْمَجِيَّةٌ تَعْلِيمِيَّة
transducer,مُحَوْصِلٌ
transfer,نَقْل
transfer rate,سُرْعَةُ النَّقْل
translation,تَرْجَمَةٌ
translator,مُتَرْجِم
transmission,إِرْسَال
transmission control protocol/ internet protocol (TCP/IP),بُرُوتُوكُول التَّحَكُّمِ فِي الإرْسَال / بُرُوتُوكُول إنْتِرْنِيت (تي سي بي/آي بي)
transmission control protocol (TCP),بُرُوتُوكُول التَّحَكُّمِ فِي الإرْسَال
transmission error,غَلَطٌ فِي إِرْسَال
tree-like structure,بِنْيَةٌ شَجَرِيَّة
trip,أَطْلَقَ
trivial file transfer protocol  (TFTP),برُوتوكول مُبَسَّط لِنَقْلِ الْمِلَفَّات
troubleshooting,مُسَاعَفَة
truncation,بَتْر
turnover speed,سُرْعَةُ الدَّوَرَان
two-way sort,فَرْزٌ عَلَى حَقلَيْن
type,رَقَنَ
type font,طَقم الْمَحَارِف
type style,نَوْع الْمِحْرَف
under construction,قَيْد الْبِنَاء
underline,سَطَّرَ
undetected,غَيْرُ مُسْتَكْشَف
undo,إِلْغَاء
unformatted disk,قُرْصٌ غَيْرُ مُشَوْكَل
unicode,يونيكُود
uniform resource locator (URL),مُمَوْقِعُ المَوَارِدِ المُتَجَانس
uninstall,إِزَالَة
universal naming convention,اتِّفَاقِيَّةٌ عَامَّةٌ للتَّسْمِيَّة
unjustified text,نَصٌّ غَيْرُ مُرَضَّن
unlock,حَلّ الإزْلاج
unpack,تَفْكِيك
unprotected,غَيْرُ مَحْمِيّ
unzip,تَفْكِيك
update file,مِلَفّ التَّحيين
update journal,دَفْتَرُ التَّحْيِينَات
updating,تَحْيِين
upgrading,تَرْقِيَة
upper case,حَرْفٌ كَبِير
usenet,شَبَكَةُ اسْتِعْمَال
user,مُسْتَعْمِل
user datagram protocol (UDP),بُرُوتُوكُول جُزْئِيَّاتِ الْمُعْطَيَات
user-friendly,سَهْلَةُ الاسْتِعْمَال
user guide,دَلِيلُ مُسْتَعْمِل
user interface,وَجِيهَةُ مُسْتَعْمِل
user profile,جَانِبِيَّةُ مُسْتَعْمِل
user program,بَرنَامَجُ مُسْتَعْمِل
utility,نَفْعِيَّة
valid,صَحِيح
validation,اسْتِصْحَاح
validity check,مُرَاقَبَةُ الصِّحَّة
version,إصْدَار
version number,رَقْمُ الصِّيغَة
vertical scrollbar,شَرِيطُ تَمْرِير عَمُودِيّ
videotex,فيديوتكس
view,رَأَّى
virtual reality,وَاقِعٌ افْتِرَاضِيّ
virtual reality modeling language (VRML),لُغَةُ نَمْذَجَةِ الْوَاقِعِ الافْتِرَاضِيّ
virtual unit,وَحْدَةٌ افْتِرَاضِيَّة
virus,فَيْرُوس
virus companion,فَيْرُوسٌ مُصَاحِب
virus scanner,كَاشِفُ الْفيرُوسَات
voice,صَوْتٌ
voice recognition,تَعَرُّفٌ على الأَصْوَات
voice type,صِنْفُ الصَّوْت
voice type,مُوَلِّفُ الْكَلام
volatile storage,ذَاكِرَة مُتَطَايِرَة
warning,تَنْبِيه
web,ويب
web manager,مُدَبِّر الْوِيب
white pages,صَفَحَاتٌ بَيْضَاء
wide area network (WAN),طَرِيقٌ سَيَّارٌ لِلْمَعْلُومَات
width,عَرْض
windowing,مَنْفَذَة
winsocks,مَقَابِسُ وِندُوز
wiper,مُنْزَلِقَة
wireless application protocol (WAP),بُرُوتُوكُول تَطْبِيقَات لاسِلْكِيَّة
wire printer,طَابِعَةٌ إبَرِيَّة
wiring,تَسْلِيك
wizard,مُسَاعِد
word,كَلِمَة
word length,طُولُ الْكَلِمَة
word processing software,بَرْمَجِيَّةُ مُعَالَجَةِ النُّصُوص
word processor,مُعَالِجُ النُّصُوص
workgroup,فَرِيقُ عَمَل
working,اشْتِغَال
working storage,ذَاكِرَةُ الْعَمَل
work station,مَحَطَّةُ عَمَل
world wide web (WWW),شَبَكَةُ الإنْتِرْنِيت (النسيج العالمي العنكبوتي)
write,كِتَابَة
write instruction,تَعْلِيمَةُ الْكِتَابَة
write lock,رَتْجُ كِتَابَة
write only,كِتَابَةٌ فَقَط
write protection,حِمَايةٌ مِنَ الْكِتَابَة
yellow book,كِتَابٌ أصْفَر
yellow pages,صَفَحَاتٌ صَفرَاء
zero,صِفْر
zero page,صَفْحَةُ الصِّفْر
zip,كَبْس
zoom,زُوم
